Date;Orang;Barang
2019-01-01;104890;8317
2019-01-02;110384;31564
2019-01-03;116037;40438
2019-01-04;116595;41762
2019-01-05;122665;32590
2019-01-06;120573;21249
2019-01-07;109762;42302
2019-01-08;107067;44115
2019-01-09;108974;44497
2019-01-10;109982;43368
2019-01-11;111246;41818
2019-01-12;111401;32532
2019-01-13;106439;20617
2019-01-14;104933;41212
2019-01-15;105059;43974
2019-01-16;106244;44534
2019-01-17;106727;44110
2019-01-18;108194;42019
2019-01-19;107060;31627
2019-01-20;104466;21344
2019-01-21;104996;39575
2019-01-22;103102;41604
2019-01-23;105295;42852
2019-01-24;104987;41777
2019-01-25;110752;39588
2019-01-26;105741;30162
2019-01-27;104360;20549
2019-01-28;105400;40647
2019-01-29;104538;42213
2019-01-30;104785;42674
2019-01-31;105800;40839
2019-02-01;112606;39796
2019-02-02;115356;32092
2019-02-03;110167;19833
2019-02-04;105620;32117
2019-02-05;102156;20335
2019-02-06;107245;39983
2019-02-07;109153;42381
2019-02-08;111501;41759
2019-02-09;111331;31356
2019-02-10;112367;20141
2019-02-11;108045;39920
2019-02-12;104338;41068
2019-02-13;107489;42037
2019-02-14;110242;43551
2019-02-15;112051;41200
2019-02-16;108445;30680
2019-02-17;108251;20893
2019-02-18;105973;41410
2019-02-19;102918;43479
2019-02-20;107805;43145
2019-02-21;106016;41472
2019-02-22;109239;41148
2019-02-23;105647;30722
2019-02-24;104937;20754
2019-02-25;106123;40913
2019-02-26;104496;43275
2019-02-27;108264;43158
2019-02-28;111346;42696
2019-03-01;112440;40557
2019-03-02;115399;30342
2019-03-03;112816;19073
2019-03-04;107738;39580
2019-03-05;106540;41386
2019-03-06;116327;37418
2019-03-07;98145;25005
2019-03-08;110771;40404
2019-03-09;110845;30915
2019-03-10;112502;20615
2019-03-11;110631;40158
2019-03-12;105918;42358
2019-03-13;108511;43059
2019-03-14;110082;43351
2019-03-15;112857;41029
2019-03-16;111063;32107
2019-03-17;107942;21360
2019-03-18;106456;41779
2019-03-19;106643;42855
2019-03-20;110168;43994
2019-03-21;107969;43512
2019-03-22;110090;42089
2019-03-23;109257;30565
2019-03-24;109312;21157
2019-03-25;108722;40435
2019-03-26;105176;42985
2019-03-27;109368;43835
2019-03-28;108960;43042
2019-03-29;113842;41123
2019-03-30;114611;31549
2019-03-31;111920;21359
2019-04-01;108663;40263
2019-04-02;112488;39802
2019-04-03;100044;26929
2019-04-04;112216;43114
2019-04-05;115439;43324
2019-04-06;117710;32435
2019-04-07;116726;21426
2019-04-08;111308;41825
2019-04-09;108153;43085
2019-04-10;112502;45660
2019-04-11;111546;45179
2019-04-12;114022;45120
2019-04-13;112400;33320
2019-04-14;109820;22867
2019-04-15;109362;41848
2019-04-16;117309;34845
2019-04-17;70526;12435
2019-04-18;105389;35779
2019-04-19;90321;24922
2019-04-20;106678;29793
2019-04-21;115543;20297
2019-04-22;112883;43576
2019-04-23;109744;46266
2019-04-24;112381;44945
2019-04-25;117468;46331
2019-04-26;118676;43444
2019-04-27;124909;34088
2019-04-28;127735;23245
2019-04-29;117312;43626
2019-04-30;121686;41763
2019-05-01;115457;25618
2019-05-02;121630;46053
2019-05-03;126761;45011
2019-05-04;129685;36806
2019-05-05;101665;21912
2019-05-06;94892;36398
2019-05-07;103244;45297
2019-05-08;102651;47085
2019-05-09;102677;46168
2019-05-10;105374;45979
2019-05-11;96488;36953
2019-05-12;89186;26123
2019-05-13;106465;46966
2019-05-14;105015;47971
2019-05-15;105923;47204
2019-05-16;107803;47136
2019-05-17;109867;47113
2019-05-18;105458;38808
2019-05-19;96086;27710
2019-05-20;109659;47538
2019-05-21;106205;48841
2019-05-22;97695;47450
2019-05-23;109461;48084
2019-05-24;117930;45811
2019-05-25;125043;36774
2019-05-26;116053;26218
2019-05-27;125842;40924
2019-05-28;131099;36123
2019-05-29;149357;23411
2019-05-30;126538;9299
2019-05-31;128144;6909
2019-06-01;122886;4707
2019-06-02;104264;3776
2019-06-03;89275;3589
2019-06-04;69856;2006
2019-06-05;106790;929
2019-06-06;122449;1470
2019-06-07;112791;2052
2019-06-08;133965;2045
2019-06-09;148184;2883
2019-06-10;132353;9911
2019-06-11;125572;19138
2019-06-12;122828;28021
2019-06-13;120701;35154
2019-06-14;120232;36481
2019-06-15;131364;28311
2019-06-16;138639;20376
2019-06-17;119068;39967
2019-06-18;116669;43993
2019-06-19;119374;44389
2019-06-20;116796;44446
2019-06-21;119749;45222
2019-06-22;124049;34476
2019-06-23;126702;25385
2019-06-24;117795;44232
2019-06-25;117020;47398
2019-06-26;120062;46310
2019-06-27;119528;45718
2019-06-28;125786;45545
2019-06-29;130234;35084
2019-06-30;133405;24431
2019-07-01;121264;43350
2019-07-02;117655;45030
2019-07-03;120552;46485
2019-07-04;121459;46452
2019-07-05;126131;44802
2019-07-06;134264;34475
2019-07-07;138531;24077
2019-07-08;121823;44525
2019-07-09;119053;46610
2019-07-10;122722;47053
2019-07-11;122951;48653
2019-07-12;124478;45811
2019-07-13;126050;35732
2019-07-14;122182;24847
2019-07-15;112314;45656
2019-07-16;109690;47002
2019-07-17;112400;46631
2019-07-18;114526;45908
2019-07-19;116356;44417
2019-07-20;114065;34344
2019-07-21;112383;23941
2019-07-22;110624;44368
2019-07-23;108548;46589
2019-07-24;109832;47342
2019-07-25;111654;47159
2019-07-26;115795;44527
2019-07-27;115238;35258
2019-07-28;113836;24915
2019-07-29;110243;44950
2019-07-30;108597;47242
2019-07-31;111576;46191
2019-08-01;109851;45557
2019-08-02;114321;43508
2019-08-03;114489;34110
2019-08-04;111837;20415
2019-08-05;107617;41907
2019-08-06;108011;45037
2019-08-07;112985;46126
2019-08-08;114846;45839
2019-08-09;122356;42718
2019-08-10;110386;25045
2019-08-11;106894;10094
2019-08-12;117347;37229
2019-08-13;113745;43754
2019-08-14;113859;44937
2019-08-15;116417;44681
2019-08-16;127373;40074
2019-08-17;97323;12224
2019-08-18;122681;20617
2019-08-19;113896;43679
2019-08-20;110336;44927
2019-08-21;113551;45539
2019-08-22;116338;45594
2019-08-23;118550;44670
2019-08-24;121568;34674
2019-08-25;121332;23855
2019-08-26;114012;45222
2019-08-27;111119;45580
2019-08-28;112118;43649
2019-08-29;112082;43800
2019-08-30;119121;43493
2019-08-31;121864;32495
2019-09-01;119984;21270
2019-09-02;111692;41817
2019-09-03;108790;44673
2019-09-04;109859;45555
2019-09-05;113153;45645
2019-09-06;117839;43644
2019-09-07;119711;33230
2019-09-08;120445;23216
2019-09-09;110452;43290
2019-09-10;108877;45245
2019-09-11;111637;46220
2019-09-12;111131;45682
2019-09-13;115386;44541
2019-09-14;114456;33094
2019-09-15;114207;23268
2019-09-16;108992;42576
2019-09-17;108040;45625
2019-09-18;109084;44883
2019-09-19;110318;44883
2019-09-20;114333;43245
2019-09-21;114341;33060
2019-09-22;108917;22263
2019-09-23;107359;43432
2019-09-24;105100;45097
2019-09-25;107007;43879
2019-09-26;109749;44609
2019-09-27;113933;42699
2019-09-28;116405;32588
2019-09-29;115785;22171
2019-09-30;108774;40979
2019-10-01;106619;43711
2019-10-02;109605;43462
2019-10-03;109006;43881
2019-10-04;116997;42939
2019-10-05;119606;32978
2019-10-06;120478;22698
2019-10-07;112017;43157
2019-10-08;109541;44996
2019-10-09;112083;45446
2019-10-10;112425;45158
2019-10-11;114889;43655
2019-10-12;115778;32331
2019-10-13;115144;21796
2019-10-14;110098;42582
2019-10-15;108887;45075
2019-10-16;110460;45417
2019-10-17;110454;45151
2019-10-18;113973;43032
2019-10-19;110873;32058
2019-10-20;107418;22404
2019-10-21;108685;42124
2019-10-22;106949;42852
2019-10-23;111056;45527
2019-10-24;108928;44222
2019-10-25;116216;43999
2019-10-26;115290;34325
2019-10-27;113804;23733
2019-10-28;110493;42752
2019-10-29;108699;46509
2019-10-30;109954;46102
2019-10-31;112584;44022
2019-11-01;116978;42261
2019-11-02;119383;30765
2019-11-03;116782;21412
2019-11-04;111004;42717
2019-11-05;109707;45531
2019-11-06;112833;44639
2019-11-07;114918;46127
2019-11-08;130180;41394
2019-11-09;119011;21649
2019-11-10;126027;20239
2019-11-11;114940;43871
2019-11-12;110700;44920
2019-11-13;110871;44504
2019-11-14;112854;44392
2019-11-15;116858;43711
2019-11-16;115384;32654
2019-11-17;113626;22483
2019-11-18;111463;43099
2019-11-19;110195;46304
2019-11-20;111555;45699
2019-11-21;112233;46037
2019-11-22;114865;43425
2019-11-23;117402;31806
2019-11-24;111954;22914
2019-11-25;111055;43052
2019-11-26;110311;45156
2019-11-27;112578;44898
2019-11-28;112391;44575
2019-11-29;120007;43016
2019-11-30;120615;31512
2019-12-01;114635;21470
2019-12-02;111302;42039
2019-12-03;111270;44457
2019-12-04;115793;44018
2019-12-05;114800;44283
2019-12-06;119344;42349
2019-12-07;127653;31457
2019-12-08;123443;21382
2019-12-09;113211;41620
2019-12-10;111985;44713
2019-12-11;115982;45555
2019-12-12;114031;43944
2019-12-13;120509;43393
2019-12-14;125104;32834
2019-12-15;126041;21904
2019-12-16;116429;42159
2019-12-17;114474;43944
2019-12-18;119226;46504
2019-12-19;122836;45884
2019-12-20;133299;34879
2019-12-21;133417;25735
2019-12-22;128754;23436
2019-12-23;129452;42451
2019-12-24;120867;30429
2019-12-25;114326;17055
2019-12-26;119614;38563
2019-12-27;122929;38695
2019-12-28;126865;29413
2019-12-29;124127;18038
2019-12-30;120224;24515
2019-12-31;113455;10682
2020-01-01;103214;6381
2020-01-02;105575;26257
2020-01-03;114077;33798
2020-01-04;122771;27215
2020-01-05;121501;17723
2020-01-06;116739;37855
2020-01-07;111598;39498
2020-01-08;112823;39473
2020-01-09;113861;39914
2020-01-10;116986;38546
2020-01-11;116468;29725
2020-01-12;110119;19188
2020-01-13;112588;39625
2020-01-14;109519;41102
2020-01-15;112390;41878
2020-01-16;110659;41071
2020-01-17;114516;40201
2020-01-18;111827;29935
2020-01-19;108228;19460
2020-01-20;110431;39552
2020-01-21;108427;41526
2020-01-22;110655;42135
2020-01-23;113346;41025
2020-01-24;120835;34412
2020-01-25;106861;15092
2020-01-26;113617;17021
2020-01-27;112257;38757
2020-01-28;109109;41339
2020-01-29;110487;40637
2020-01-30;111668;40939
2020-01-31;116981;39013
2020-02-01;121353;27899
2020-02-02;124218;17469
2020-02-03;116142;36766
2020-02-04;112357;39162
2020-02-05;113550;40115
2020-02-06;115065;40013
2020-02-07;118773;38376
2020-02-08;119165;27660
2020-02-09;116986;18716
2020-02-10;114509;38918
2020-02-11;110928;41459
2020-02-12;112726;40857
2020-02-13;113821;40148
2020-02-14;117951;39201
2020-02-15;116479;29357
2020-02-16;111969;18388
2020-02-17;111000;37431
2020-02-18;110245;40215
2020-02-19;111698;38410
2020-02-20;112452;38157
2020-02-21;116087;37516
2020-02-22;115943;28004
2020-02-23;109760;18204
2020-02-24;112211;37373
2020-02-25;110035;37903
2020-02-26;113349;37977
2020-02-27;114169;38905
2020-02-28;118231;37505
2020-02-29;118333;28122
2020-03-01;119879;18891
2020-03-02;111604;38178
2020-03-03;105418;37307
2020-03-04;112816;39021
2020-03-05;113736;40146
2020-03-06;119670;39015
2020-03-07;120496;28470
2020-03-08;116870;18483
2020-03-09;112126;39256
2020-03-10;109620;40885
2020-03-11;111333;41224
2020-03-12;112181;40580
2020-03-13;116554;40098
2020-03-14;113684;29488
2020-03-15;109023;18988
2020-03-16;107056;37982
2020-03-17;102461;40573
2020-03-18;99883;40271
2020-03-19;97550;40423
2020-03-20;97011;38488
2020-03-21;83436;28967
2020-03-22;66707;18394
2020-03-23;87648;38520
2020-03-24;82928;38250
2020-03-25;53447;24087
2020-03-26;80357;41306
2020-03-27;80071;39677
2020-03-28;68637;29195
2020-03-29;58434;18505
2020-03-30;79328;36071
2020-03-31;75077;38319
2020-04-01;74664;37394
2020-04-02;73561;35882
2020-04-03;74660;34694
2020-04-04;60906;25123
2020-04-05;51244;17430
2020-04-06;77996;34724
2020-04-07;74573;36948
2020-04-08;75994;37969
2020-04-09;83734;37846
2020-04-10;41065;20254
2020-04-11;50535;22573
2020-04-12;46508;17241
2020-04-13;77292;36020
2020-04-14;74419;37792
2020-04-15;73702;38109
2020-04-16;74795;37678
2020-04-17;77037;36145
2020-04-18;55520;25223
2020-04-19;48133;19238
2020-04-20;76485;35097
2020-04-21;74394;34742
2020-04-22;84618;34895
2020-04-23;84217;31879
2020-04-24;52480;25999
2020-04-25;38011;20689
2020-04-26;32485;16323
2020-04-27;63802;31832
2020-04-28;60754;32544
2020-04-29;62843;32009
2020-04-30;66262;29667
2020-05-01;34332;15815
2020-05-02;43409;19741
2020-05-03;37210;13735
2020-05-04;69275;29406
2020-05-05;66404;32126
2020-05-06;68464;30322
2020-05-07;40558;19202
2020-05-08;67323;30014
2020-05-09;50101;22200
2020-05-10;39997;14868
2020-05-11;74313;32492
2020-05-12;70896;32225
2020-05-13;73036;32516
2020-05-14;73673;32282
2020-05-15;76315;31031
2020-05-16;61758;22344
2020-05-17;50734;14573
2020-05-18;82531;28641
2020-05-19;82385;29410
2020-05-20;89385;23813
2020-05-21;61064;13275
2020-05-22;61777;9158
2020-05-23;43062;3054
2020-05-24;50988;982
2020-05-25;61394;2264
2020-05-26;63543;8887
2020-05-27;65226;16952
2020-05-28;66495;21254
2020-05-29;67902;22964
2020-05-30;60946;18655
2020-05-31;52410;11117
2020-06-01;56238;14363
2020-06-02;78936;27679
2020-06-03;78561;31649
2020-06-04;78942;33111
2020-06-05;83031;31886
2020-06-06;73523;23182
2020-06-07;66895;15620
2020-06-08;88583;32781
2020-06-09;88657;35374
2020-06-10;90523;35631
2020-06-11;90020;34871
2020-06-12;93598;32780
2020-06-13;85100;23965
2020-06-14;82148;16042
2020-06-15;95232;33916
2020-06-16;93025;34961
2020-06-17;95301;37112
2020-06-18;93785;35872
2020-06-19;96790;34180
2020-06-20;90809;25297
2020-06-21;83899;16073
2020-06-22;99886;34126
2020-06-23;94428;35856
2020-06-24;96743;36565
2020-06-25;96311;36425
2020-06-26;100905;34413
2020-06-27;97320;23867
2020-06-28;96002;17196
2020-06-29;100816;34446
2020-06-30;99821;35162
2020-07-01;101694;35518
2020-07-02;103789;34912
2020-07-03;100824;34248
2020-07-04;104655;25370
2020-07-05;105184;16875
2020-07-06;104977;35031
2020-07-07;101190;38253
2020-07-08;103425;37630
2020-07-09;103370;38105
2020-07-10;105888;37403
2020-07-11;104026;26803
2020-07-12;102772;17512
2020-07-13;102761;36585
2020-07-14;98508;37865
2020-07-15;100837;38050
2020-07-16;100382;38578
2020-07-17;102081;36644
2020-07-18;98826;26992
2020-07-19;93070;18282
2020-07-20;101052;37050
2020-07-21;97489;38864
2020-07-22;100186;40100
2020-07-23;100196;38427
2020-07-24;104395;37397
2020-07-25;100444;27886
2020-07-26;94315;19370
2020-07-27;104782;38741
2020-07-28;107180;39833
2020-07-29;115016;41113
2020-07-30;127758;30199
2020-07-31;84323;8814
2020-08-01;102531;17165
2020-08-02;127526;15464
2020-08-03;113043;36940
2020-08-04;105779;39703
2020-08-05;109313;40551
2020-08-06;109516;40075
2020-08-07;114269;37840
2020-08-08;117519;27453
2020-08-09;113209;20440
2020-08-10;109592;40327
2020-08-11;104839;40475
2020-08-12;108425;41259
2020-08-13;106197;40415
2020-08-14;115668;39379
2020-08-15;117785;30445
2020-08-16;101810;14600
2020-08-17;94456;14195
2020-08-18;106256;40166
2020-08-19;114568;40931
2020-08-20;91981;25452
2020-08-21;96017;37330
2020-08-22;103966;29474
2020-08-23;103331;19475
2020-08-24;105556;41308
2020-08-25;103274;43325
2020-08-26;104976;43810
2020-08-27;104190;42687
2020-08-28;107569;41068
2020-08-29;107290;31194
2020-08-30;105463;20970
2020-08-31;105826;39960
2020-09-01;101167;42299
2020-09-02;103647;42420
2020-09-03;104751;40738
2020-09-04;107575;40020
2020-09-05;110633;28647
2020-09-06;109585;20147
2020-09-07;105236;39883
2020-09-08;101633;40847
2020-09-09;104083;42110
2020-09-10;101006;42225
2020-09-11;105784;41380
2020-09-12;103240;29686
2020-09-13;97613;20087
2020-09-14;93181;39892
2020-09-15;92563;42064
2020-09-16;94209;41730
2020-09-17;94201;42043
2020-09-18;97007;40291
2020-09-19;87583;29883
2020-09-20;77114;19039
2020-09-21;94832;40079
2020-09-22;92250;42487
2020-09-23;95115;42272
2020-09-24;94655;42002
2020-09-25;99384;40244
2020-09-26;91657;29640
2020-09-27;84660;21005
2020-09-28;97873;40505
2020-09-29;96530;42341
2020-09-30;99549;41799
2020-10-01;99186;40848
2020-10-02;102682;39371
2020-10-03;96835;29430
2020-10-04;92875;20333
2020-10-05;103899;41578
2020-10-06;94756;40702
2020-10-07;96497;42017
2020-10-08;93718;40827
2020-10-09;102606;40669
2020-10-10;99903;29515
2020-10-11;92514;20262
2020-10-12;103386;42204
2020-10-13;95281;44246
2020-10-14;97772;42619
2020-10-15;103173;44617
2020-10-16;103637;42125
2020-10-17;101647;31430
2020-10-18;96823;20932
2020-10-19;103959;42898
2020-10-20;98758;43858
2020-10-21;101479;43544
2020-10-22;102837;43531
2020-10-23;107018;42576
2020-10-24;103194;30906
2020-10-25;96600;21614
2020-10-26;104994;42365
2020-10-27;110743;44471
2020-10-28;112594;39696
2020-10-29;98666;25759
2020-10-30;99342;36739
2020-10-31;110040;28103
2020-11-01;113490;18106
2020-11-02;108879;40822
2020-11-03;105450;42767
2020-11-04;107787;43485
2020-11-05;109378;43024
2020-11-06;111152;41650
2020-11-07;111236;31155
2020-11-08;110212;20736
2020-11-09;110945;41841
2020-11-10;105013;44173
2020-11-11;108184;45144
2020-11-12;107145;45068
2020-11-13;110415;42371
2020-11-14;110155;31478
2020-11-15;108796;21171
2020-11-16;107389;41313
2020-11-17;105387;43449
2020-11-18;107221;44167
2020-11-19;106759;43269
2020-11-20;111628;42365
2020-11-21;111447;32057
2020-11-22;104800;21545
2020-11-23;106700;42560
2020-11-24;103802;44825
2020-11-25;106800;45650
2020-11-26;108091;44281
2020-11-27;113500;42316
2020-11-28;115076;32659
2020-11-29;111113;20385
2020-11-30;113347;41300
2020-12-01;108775;44821
2020-12-02;108702;43398
2020-12-03;109499;43030
2020-12-04;112730;41989
2020-12-05;116235;30777
2020-12-06;110552;19797
2020-12-07;112375;40561
2020-12-08;108499;39947
2020-12-09;81745;24079
2020-12-10;111036;42841
2020-12-11;117022;42141
2020-12-12;115860;31865
2020-12-13;108185;22205
2020-12-14;111854;42865
2020-12-15;109577;44237
2020-12-16;112730;44465
2020-12-17;113711;44994
2020-12-18;118174;42468
2020-12-19;116344;32913
2020-12-20;112432;20931
2020-12-21;117468;44013
2020-12-22;115676;45412
2020-12-23;127513;42069
2020-12-24;111922;31271
2020-12-25;88387;18413
2020-12-26;106165;23944
2020-12-27;109381;18923
2020-12-28;111993;38915
2020-12-29;108712;40160
2020-12-30;117213;34570
2020-12-31;99150;17684
2021-01-01;84155;8399
2021-01-02;108518;14898
2021-01-03;116245;17825
2021-01-04;110362;39591
2021-01-05;106740;42555
2021-01-06;109290;42567
2021-01-07;110184;43909
2021-01-08;111139;41063
2021-01-09;109044;29294
2021-01-10;108539;19870
2021-01-11;104582;41153
2021-01-12;100289;42434
2021-01-13;102752;43033
2021-01-14;101310;43965
2021-01-15;104042;41915
2021-01-16;101155;31967
2021-01-17;95427;21613
2021-01-18;102591;41131
2021-01-19;99071;42464
2021-01-20;101400;43717
2021-01-21;100736;42532
2021-01-22;101886;41158
2021-01-23;97392;30200
2021-01-24;87854;18918
2021-01-25;101716;40363
2021-01-26;98415;41605
2021-01-27;102164;41978
2021-01-28;103141;41115
2021-01-29;105448;39539
2021-01-30;103050;28500
2021-01-31;98402;18479
2021-02-01;103607;38048
2021-02-02;99649;39483
2021-02-03;104979;41049
2021-02-04;103120;39492
2021-02-05;108243;38484
2021-02-06;106446;28846
2021-02-07;100037;18157
2021-02-08;107205;38487
2021-02-09;103496;41469
2021-02-10;107309;41312
2021-02-11;115890;38941
2021-02-12;85153;20397
2021-02-13;96020;25419
2021-02-14;101554;19124
2021-02-15;107640;41090
2021-02-16;101216;42672
2021-02-17;104017;44030
2021-02-18;102108;42103
2021-02-19;105494;39728
2021-02-20;102141;32073
2021-02-21;101512;23328
2021-02-22;106853;46696
2021-02-23;102472;46203
2021-02-24;102585;44243
2021-02-25;105959;43429
2021-02-26;109477;41311
2021-02-27;112186;32069
2021-02-28;107808;21321
2021-03-01;108346;39914
2021-03-02;105417;42553
2021-03-03;107026;42956
2021-03-04;107612;43844
2021-03-05;110248;42092
2021-03-06;113494;32675
2021-03-07;110614;21607
2021-03-08;108522;42824
2021-03-09;105235;44970
2021-03-10;113474;42107
2021-03-11;96095;27158
2021-03-12;106783;41318
2021-03-13;109694;31821
2021-03-14;108475;21272
2021-03-15;110957;43953
2021-03-16;105525;44370
2021-03-17;106598;45009
2021-03-18;108060;43637
2021-03-19;111134;42770
2021-03-20;112953;33421
2021-03-21;108037;22888
2021-03-22;108798;43577
2021-03-23;106080;44543
2021-03-24;107263;44928
2021-03-25;108589;45747
2021-03-26;114032;43599
2021-03-27;116186;32395
2021-03-28;112992;22025
2021-03-29;110180;42955
2021-03-30;102883;44162
2021-03-31;112126;44462
2021-04-01;123260;41227
2021-04-02;104268;23869
2021-04-03;122143;27535
2021-04-04;132569;19914
2021-04-05;118793;42413
2021-04-06;113465;44392
2021-04-07;118654;44404
2021-04-08;119807;44103
2021-04-09;124556;42973
2021-04-10;133158;33525
2021-04-11;134707;22047
2021-04-12;122300;40162
2021-04-13;89314;38011
2021-04-14;99358;42276
2021-04-15;101227;43807
2021-04-16;103381;42861
2021-04-17;92954;33729
2021-04-18;84676;23729
2021-04-19;103774;43848
2021-04-20;100021;45973
2021-04-21;102349;45845
2021-04-22;102636;45372
2021-04-23;106271;43140
2021-04-24;99936;33895
2021-04-25;91279;23812
2021-04-26;107938;43688
2021-04-27;105294;44778
2021-04-28;111733;45920
2021-04-29;113616;46688
2021-04-30;123130;42570
2021-05-01;108561;23624
2021-05-02;107806;23089
2021-05-03;121383;44264
2021-05-04;121839;44030
2021-05-05;116036;42641
2021-05-06;88566;38848
2021-05-07;90491;34344
2021-05-08;77493;25447
2021-05-09;67134;15379
2021-05-10;90600;20423
2021-05-11;85984;13819
2021-05-12;53768;4408
2021-05-13;70068;1479
2021-05-14;81466;2114
2021-05-15;99592;4834
2021-05-16;94695;7643
2021-05-17;93183;20955
2021-05-18;107501;29455
2021-05-19;110951;33423
2021-05-20;111715;36751
2021-05-21;114110;36104
2021-05-22;116449;28429
2021-05-23;116269;20100
2021-05-24;115016;39827
2021-05-25;121935;40630
2021-05-26;108242;26633
2021-05-27;115297;42504
2021-05-28;119038;42163
2021-05-29;120614;31755
2021-05-30;120549;21472
2021-05-31;118726;37284
2021-06-01;109404;26534
2021-06-02;117651;42529
2021-06-03;113629;42486
2021-06-04;118480;42145
2021-06-05;124898;33127
2021-06-06;123769;23222
2021-06-07;115235;44347
2021-06-08;111614;45618
2021-06-09;113697;46539
2021-06-10;113652;45972
2021-06-11;116123;45197
2021-06-12;120765;34215
2021-06-13;118595;24296
2021-06-14;114046;44458
2021-06-15;109818;46135
2021-06-16;111367;44558
2021-06-17;111212;44827
2021-06-18;111330;43233
2021-06-19;106379;32894
2021-06-20;100835;21550
2021-06-21;107232;41984
2021-06-22;102503;43792
2021-06-23;102481;43841
2021-06-24;101830;42739
2021-06-25;104765;42707
2021-06-26;97107;33821
2021-06-27;90395;23184
2021-06-28;101447;43076
2021-06-29;97654;43438
2021-06-30;98536;42084
2021-07-01;98418;42032
2021-07-02;102755;41090
2021-07-03;79578;31792
2021-07-04;67081;22478
2021-07-05;83722;40642
2021-07-06;79650;41834
2021-07-07;80393;42773
2021-07-08;79211;42970
2021-07-09;78943;41156
2021-07-10;69094;31464
2021-07-11;59676;21208
2021-07-12;79648;39542
2021-07-13;76829;41110
2021-07-14;78536;42232
2021-07-15;78792;42727
2021-07-16;81091;41840
2021-07-17;72385;33435
2021-07-18;59622;22379
2021-07-19;77195;27737
2021-07-20;54107;11910
2021-07-21;87089;38354
2021-07-22;86778;42575
2021-07-23;89294;41969
2021-07-24;81408;32837
2021-07-25;75901;21773
2021-07-26;94092;43140
2021-07-27;90679;43883
2021-07-28;90902;44930
2021-07-29;91171;44686
2021-07-30;93604;42431
2021-07-31;91930;33093
2021-08-01;86228;22124
2021-08-02;98326;42060
2021-08-03;95600;43812
2021-08-04;96795;43466
2021-08-05;97706;43162
2021-08-06;101583;42424
2021-08-07;99948;33292
2021-08-08;94969;23048
2021-08-09;100383;41891
2021-08-10;99030;40571
2021-08-11;82884;30641
2021-08-12;101614;46698
2021-08-13;105472;46445
2021-08-14;101514;35452
2021-08-15;91594;23587
2021-08-16;104161;37986
2021-08-17;78402;19549
2021-08-18;104882;44990
2021-08-19;102574;47988
2021-08-20;106742;46460
2021-08-21;101420;36116
2021-08-22;96304;25420
2021-08-23;104055;46735
2021-08-24;101147;48317
2021-08-25;104991;49293
2021-08-26;105761;48137
2021-08-27;111807;47400
2021-08-28;111445;35951
2021-08-29;107323;24859
2021-08-30;109671;44324
2021-08-31;105101;46275
2021-09-01;107501;45066
2021-09-02;107661;45833
2021-09-03;113686;44329
2021-09-04;117042;33685
2021-09-05;117876;23029
2021-09-06;108924;43378
2021-09-07;104562;44449
2021-09-08;107612;45325
2021-09-09;109249;46316
2021-09-10;114217;44760
2021-09-11;115966;33583
2021-09-12;113813;22289
2021-09-13;110319;42990
2021-09-14;107605;44525
2021-09-15;110351;45141
2021-09-16;109605;45048
2021-09-17;114926;43034
2021-09-18;114705;33291
2021-09-19;111036;23420
2021-09-20;110747;46211
2021-09-21;105652;46316
2021-09-22;108430;45342
2021-09-23;108965;45064
2021-09-24;114164;43656
2021-09-25;113697;34004
2021-09-26;113529;24478
2021-09-27;109467;45551
2021-09-28;108266;46926
2021-09-29;109953;45460
2021-09-30;113141;44583
2021-10-01;118999;44391
2021-10-02;120646;33150
2021-10-03;123345;21929
2021-10-04;111661;43869
2021-10-05;108401;45955
2021-10-06;111541;46841
2021-10-07;113022;45590
2021-10-08;120351;44642
2021-10-09;123489;33334
2021-10-10;125218;23063
2021-10-11;112880;45310
2021-10-12;109430;47172
2021-10-13;113073;47420
2021-10-14;114801;46251
2021-10-15;122189;45616
2021-10-16;123082;35649
2021-10-17;119005;23924
2021-10-18;114024;42969
2021-10-19;114171;43068
2021-10-20;103342;30418
2021-10-21;114691;45644
2021-10-22;116902;45966
2021-10-23;115370;36028
2021-10-24;116318;23809
2021-10-25;112889;45993
2021-10-26;110561;48256
2021-10-27;112233;45927
2021-10-28;113665;45359
2021-10-29;121203;44833
2021-10-30;124943;35222
2021-10-31;123865;24132
2021-11-01;113574;43305
2021-11-02;109407;45336
2021-11-03;114833;47395
2021-11-04;114847;46236
2021-11-05;121885;42693
2021-11-06;124063;33654
2021-11-07;124044;23982
2021-11-08;115943;45541
2021-11-09;112287;46978
2021-11-10;114970;46684
2021-11-11;116324;46671
2021-11-12;119561;44600
2021-11-13;122339;35239
2021-11-14;121714;25105
2021-11-15;116235;45602
2021-11-16;110583;47971
2021-11-17;114134;47299
2021-11-18;116684;46718
2021-11-19;124104;45038
2021-11-20;126130;34666
2021-11-21;128317;24096
2021-11-22;117433;45145
2021-11-23;115302;45514
2021-11-24;119079;47650
2021-11-25;118855;47013
2021-11-26;124544;44367
2021-11-27;123570;33567
2021-11-28;128225;23716
2021-11-29;121497;45280
2021-11-30;115871;46214
2021-12-01;117499;47175
2021-12-02;118137;46290
2021-12-03;125175;46370
2021-12-04;131016;34236
2021-12-05;124924;22128
2021-12-06;113290;40552
2021-12-07;116483;45228
2021-12-08;118626;46579
2021-12-09;119719;46104
2021-12-10;127178;44902
2021-12-11;134571;33382
2021-12-12;128253;23517
2021-12-13;120126;45734
2021-12-14;117456;46600
2021-12-15;121459;47524
2021-12-16;121511;47035
2021-12-17;127623;45480
2021-12-18;131280;35333
2021-12-19;129249;24810
2021-12-20;120674;46373
2021-12-21;120167;48163
2021-12-22;123130;48768
2021-12-23;124131;46275
2021-12-24;128149;40532
2021-12-25;110190;19674
2021-12-26;121588;22095
2021-12-27;119328;44261
2021-12-28;115946;44797
2021-12-29;120321;43245
2021-12-30;124835;38603
2021-12-31;120603;22365
2022-01-01;115190;9953
2022-01-02;135584;16482
2022-01-03;119804;40104
2022-01-04;115960;45092
2022-01-05;121644;46325
2022-01-06;121688;46367
2022-01-07;127717;43766
2022-01-08;130217;34753
2022-01-09;131271;23968
2022-01-10;116645;43595
2022-01-11;114217;44540
2022-01-12;116994;43973
2022-01-13;116934;45249
2022-01-14;120344;42097
2022-01-15;120847;32697
2022-01-16;118555;22626
2022-01-17;116209;44525
2022-01-18;110225;45167
2022-01-19;112826;44695
2022-01-20;113637;46452
2022-01-21;117860;43235
2022-01-22;115929;33656
2022-01-23;110889;22869
2022-01-24;113779;46060
2022-01-25;111805;47088
2022-01-26;115143;45296
2022-01-27;115102;45203
2022-01-28;120051;44370
2022-01-29;120456;36222
2022-01-30;112827;23450
2022-01-31;113704;38676
2022-02-01;101916;25106
2022-02-02;113364;45065
2022-02-03;108674;47754
2022-02-04;113653;45247
2022-02-05;113089;34714
2022-02-06;109842;23193
2022-02-07;109902;45821
2022-02-08;103203;45711
2022-02-09;104402;45361
2022-02-10;107123;46549
2022-02-11;107449;44804
2022-02-12;106745;34241
2022-02-13;97948;22923
2022-02-14;104185;45279
2022-02-15;99813;47086
2022-02-16;99583;46491
2022-02-17;101924;46883
2022-02-18;106731;44278
2022-02-19;103244;34600
2022-02-20;100024;23802
2022-02-21;106544;45966
2022-02-22;103813;46160
2022-02-23;105010;48088
2022-02-24;108315;48801
2022-02-25;120227;46547
2022-02-26;123810;37242
2022-02-27;111774;21193
2022-02-28;110161;24135
2022-03-01;113470;43731
2022-03-02;115962;44384
2022-03-03;97291;30463
2022-03-04;119335;46245
2022-03-05;120698;36318
2022-03-06;121561;24231
2022-03-07;116541;46288
2022-03-08;111212;47445
2022-03-09;113781;47204
2022-03-10;116481;48699
2022-03-11;121940;46580
2022-03-12;126449;36012
2022-03-13;126247;24713
2022-03-14;117709;45957
2022-03-15;114217;48517
2022-03-16;118207;50832
2022-03-17;117227;49891
2022-03-18;126733;49053
2022-03-19;128683;37657
2022-03-20;132849;26563
2022-03-21;121115;48525
2022-03-22;116592;50185
2022-03-23;120442;49978
2022-03-24;123684;50805
2022-03-25;131071;48864
2022-03-26;138480;38118
2022-03-27;144993;25979
2022-03-28;127297;48525
2022-03-29;123418;51200
2022-03-30;130063;51971
2022-03-31;133277;49161
2022-04-01;134210;44688
2022-04-02;104138;31053
2022-04-03;77038;20524
2022-04-04;104902;44444
2022-04-05;104999;48917
2022-04-06;106620;48867
2022-04-07;106876;49206
2022-04-08;107276;48403
2022-04-09;100760;38091
2022-04-10;93188;26828
2022-04-11;106258;48511
2022-04-12;107299;50545
2022-04-13;111564;51331
2022-04-14;120966;49548
2022-04-15;93807;33478
2022-04-16;105391;36358
2022-04-17;102182;26400
2022-04-18;117435;48940
2022-04-19;114368;49779
2022-04-20;120803;50656
2022-04-21;122896;50706
2022-04-22;125009;47465
2022-04-23;128996;39353
2022-04-24;121761;26807
2022-04-25;135196;44461
2022-04-26;137792;41634
2022-04-27;145618;31027
2022-04-28;152692;16893
2022-04-29;138652;9637
2022-04-30;120205;5691
2022-05-01;80147;2634
2022-05-02;115436;1430
2022-05-03;135162;2367
2022-05-04;137478;5007
2022-05-05;138739;7280
2022-05-06;136176;7830
2022-05-07;153864;7484
2022-05-08;155021;9000
2022-05-09;136250;29008
2022-05-10;135474;40593
2022-05-11;134299;43238
2022-05-12;127820;45924
2022-05-13;132236;46786
2022-05-14;142600;38804
2022-05-15;146071;23327
2022-05-16;134016;26905
2022-05-17;126194;47493
2022-05-18;121369;48292
2022-05-19;120856;48195
2022-05-20;123069;46725
2022-05-21;124455;36531
2022-05-22;122044;25564
2022-05-23;119538;47022
2022-05-24;115989;49022
2022-05-25;126585;46674
2022-05-26;109811;33107
2022-05-27;119903;45725
2022-05-28;124058;34831
2022-05-29;123209;24337
2022-05-30;119447;45548
2022-05-31;119041;45528
2022-06-01;104252;32481
2022-06-02;115467;46464
2022-06-03;121646;46146
2022-06-04;127104;35579
2022-06-05;124427;24405
2022-06-06;118276;45693
2022-06-07;116063;47816
2022-06-08;117477;46795
2022-06-09;115234;46416
2022-06-10;121812;46270
2022-06-11;120055;36661
2022-06-12;119118;25714
2022-06-13;118580;46607
2022-06-14;115627;48910
2022-06-15;117687;49000
2022-06-16;116911;49752
2022-06-17;122485;47790
2022-06-18;121267;38257
2022-06-19;118670;27763
2022-06-20;121003;48379
2022-06-21;116435;49991
2022-06-22;119825;49780
2022-06-23;118522;49085
2022-06-24;123294;48001
2022-06-25;126278;38132
2022-06-26;126565;27854
2022-06-27;123663;48001
2022-06-28;120353;49401
2022-06-29;123578;49458
2022-06-30;123793;48160
2022-07-01;129704;46910
2022-07-02;137037;36844
2022-07-03;138644;25327
2022-07-04;127670;47483
2022-07-05;123319;48566
2022-07-06;128095;47705
2022-07-07;130443;48537
2022-07-08;140234;43446
2022-07-09;105411;16626
2022-07-10;123963;12052
2022-07-11;132605;41347
2022-07-12;128786;46535
2022-07-13;129591;47192
2022-07-14;128419;46985
2022-07-15;131319;43949
2022-07-16;141783;32823
2022-07-17;145414;23220
2022-07-18;122563;45480
2022-07-19;120552;49345
2022-07-20;118996;48670
2022-07-21;120050;47864
2022-07-22;125427;45919
2022-07-23;128459;34947
2022-07-24;127419;24878
2022-07-25;119553;46208
2022-07-26;115996;48518
2022-07-27;119133;48687
2022-07-28;121553;49297
2022-07-29;133095;44756
2022-07-30;123402;25231
2022-07-31;126736;24169
2022-08-01;119908;47294
2022-08-02;115218;50043
2022-08-03;117151;48948
2022-08-04;120674;48130
2022-08-05;126049;46548
2022-08-06;128723;35946
2022-08-07;126088;25495
2022-08-08;119822;46191
2022-08-09;116238;49498
2022-08-10;118229;48317
2022-08-11;118448;48917
2022-08-12;122663;46653
2022-08-13;120444;37157
2022-08-14;117170;27161
2022-08-15;117017;47997
2022-08-16;123249;44384
2022-08-17;86703;21434
2022-08-18;117539;46922
2022-08-19;120703;47407
2022-08-20;116270;37469
2022-08-21;114804;25034
2022-08-22;116096;46779
2022-08-23;113673;48400
2022-08-24;113958;49810
2022-08-25;117467;49346
2022-08-26;122854;47027
2022-08-27;121129;38144
2022-08-28;121901;26362
2022-08-29;117475;47472
2022-08-30;112826;50335
2022-08-31;115827;48705
2022-09-01;115175;47670
2022-09-02;122874;46341
2022-09-03;124161;35718
2022-09-04;125004;24987
2022-09-05;116606;44690
2022-09-06;113387;46789
2022-09-07;114145;46323
2022-09-08;116025;46568
2022-09-09;122055;44663
2022-09-10;118944;34655
2022-09-11;120487;24523
2022-09-12;114753;46640
2022-09-13;111761;49204
2022-09-14;113221;49582
2022-09-15;114074;49441
2022-09-16;118935;47914
2022-09-17;116844;37286
2022-09-18;115417;26607
2022-09-19;112973;47380
2022-09-20;110442;48504
2022-09-21;111968;49028
2022-09-22;113644;48120
2022-09-23;118278;46358
2022-09-24;116622;35939
2022-09-25;116642;25240
2022-09-26;113934;47211
2022-09-27;112255;49367
2022-09-28;112320;49050
2022-09-29;113358;49395
2022-09-30;121872;47111
2022-10-01;120894;35082
2022-10-02;126537;24852
2022-10-03;114681;46408
2022-10-04;112779;47946
2022-10-05;114485;47853
2022-10-06;116002;47131
2022-10-07;129159;44662
2022-10-08;119436;25335
2022-10-09;126669;23501
2022-10-10;117591;47392
2022-10-11;112470;50276
2022-10-12;115022;50384
2022-10-13;113513;48534
2022-10-14;120629;48657
2022-10-15;118935;37111
2022-10-16;117393;27123
2022-10-17;113974;47731
2022-10-18;111254;49571
2022-10-19;113803;49872
2022-10-20;114366;51026
2022-10-21;121040;49025
2022-10-22;117379;35700
2022-10-23;115643;25924
2022-10-24;112318;46267
2022-10-25;110517;47217
2022-10-26;117525;47980
2022-10-27;114507;47488
2022-10-28;120907;46360
2022-10-29;122328;35880
2022-10-30;121926;25670
2022-10-31;115702;45633
2022-11-01;110931;47212
2022-11-02;115090;47379
2022-11-03;115360;47874
2022-11-04;123481;44999
2022-11-05;124907;34179
2022-11-06;127281;24766
2022-11-07;117219;44730
2022-11-08;113865;47605
2022-11-09;115306;46874
2022-11-10;116894;47800
2022-11-11;121768;44857
2022-11-12;121923;34843
2022-11-13;113237;24565
2022-11-14;115487;50431
2022-11-15;118813;53828
2022-11-16;121503;50910
2022-11-17;114700;46205
2022-11-18;121340;46311
2022-11-19;117031;35558
2022-11-20;117422;25568
2022-11-21;115449;46785
2022-11-22;111769;49481
2022-11-23;111637;49094
2022-11-24;114057;52278
2022-11-25;119366;47580
2022-11-26;118675;37285
2022-11-27;116510;26191
2022-11-28;114902;47076
2022-11-29;113103;49624
2022-11-30;117335;50062
2022-12-01;117039;48121
2022-12-02;120776;46966
2022-12-03;124098;35366
2022-12-04;122819;25588
2022-12-05;117598;46231
2022-12-06;113238;49231
2022-12-07;116503;48327
2022-12-08;116983;49075
2022-12-09;119601;46792
2022-12-10;123214;36980
2022-12-11;121590;26751
2022-12-12;116063;47083
2022-12-13;116350;49803
2022-12-14;119286;50163
2022-12-15;120750;50226
2022-12-16;124972;48232
2022-12-17;130121;38192
2022-12-18;129837;28130
2022-12-19;123938;49066
2022-12-20;121974;51510
2022-12-21;124090;51121
2022-12-22;125947;45016
2022-12-23;131303;42071
2022-12-24;129679;29881
2022-12-25;128411;18912
2022-12-26;121972;40901
2022-12-27;119435;45810
2022-12-28;116475;41521
2022-12-29;124655;38553
2022-12-30;124542;27620
2022-12-31;112167;11618
2023-01-01;126326;9252
2023-01-02;115673;31949
2023-01-03;113921;42630
2023-01-04;116878;44483
2023-01-05;119185;47366
2023-01-06;122922;44674
2023-01-07;125155;34322
2023-01-08;124845;23432
2023-01-09;115622;46666
2023-01-10;112349;48845
2023-01-11;114827;49114
2023-01-12;114485;48368
2023-01-13;116726;46246
2023-01-14;114493;35608
2023-01-15;118922;25815
2023-01-16;112275;47325
2023-01-17;111156;50081
2023-01-18;110761;49531
2023-01-19;112596;49404
2023-01-20;118991;47246
2023-01-21;114401;34777
2023-01-22;113079;22564
2023-01-23;109412;37223
2023-01-24;110314;47709
2023-01-25;111548;49461
2023-01-26;111111;49340
2023-01-27;115010;45209
2023-01-28;114734;32985
2023-01-29;111842;24436
2023-01-30;111408;46311
2023-01-31;110153;48699
2023-02-01;113608;47506
2023-02-02;112038;47051
2023-02-03;119750;44806
2023-02-04;120175;35617
2023-02-05;124190;25777
2023-02-06;114417;46780
2023-02-07;111214;48687
2023-02-08;116807;49798
2023-02-09;115210;48326
2023-02-10;119543;47409
2023-02-11;117463;33971
2023-02-12;116139;23449
2023-02-13;112967;46352
2023-02-14;112103;47949
2023-02-15;112442;48655
2023-02-16;113078;47820
2023-02-17;126446;45807
2023-02-18;112783;25920
2023-02-19;116874;24306
2023-02-20;114100;47314
2023-02-21;111079;47817
2023-02-22;112505;48334
2023-02-23;112990;47106
2023-02-24;117332;44302
2023-02-25;117318;33773
2023-02-26;114913;22618
2023-02-27;113274;44599
2023-02-28;112990;46439
2023-03-01;111662;43760
2023-03-02;115543;43352
2023-03-03;120980;44256
2023-03-04;124106;34171
2023-03-05;128501;23932
2023-03-06;115322;45509
2023-03-07;111439;47679
2023-03-08;113663;48477
2023-03-09;117346;47474
2023-03-10;121812;46650
2023-03-11;124812;34734
2023-03-12;130664;24423
2023-03-13;116181;46868
2023-03-14;111742;46909
2023-03-15;118448;47857
2023-03-16;118866;48175
2023-03-17;124943;47493
2023-03-18;131196;36476
2023-03-19;138135;26479
2023-03-20;127022;48388
2023-03-21;133979;48204
2023-03-22;98058;28060
2023-03-23;81152;37210
2023-03-24;99656;45850
2023-03-25;88932;37203
2023-03-26;86814;25970
2023-03-27;106011;48029
2023-03-28;102896;50092
2023-03-29;104697;48412
2023-03-30;103890;48468
2023-03-31;107792;46376
2023-04-01;99790;34892
2023-04-02;93863;25442
2023-04-03;107384;47247
2023-04-04;107748;48924
2023-04-05;113885;50681
2023-04-06;125743;49751
2023-04-07;94220;33233
2023-04-08;108183;35684
2023-04-09;106399;27103
2023-04-10;122454;47955
2023-04-11;116809;51256
2023-04-12;121199;49968
2023-04-13;123872;50264
2023-04-14;131962;47313
2023-04-15;136493;34666
2023-04-16;125395;21803
2023-04-17;142238;27466
2023-04-18;156832;18155
2023-04-19;154670;9699
2023-04-20;118521;5028
2023-04-21;77034;2152
2023-04-22;122729;1414
2023-04-23;141151;1820
2023-04-24;141780;3275
2023-04-25;140390;6022
2023-04-26;129519;13045
2023-04-27;126214;19780
2023-04-28;125832;22128
2023-04-29;150933;18800
2023-04-30;161410;12159
2023-05-01;145107;17812
2023-05-02;123365;39330
2023-05-03;120853;43792
2023-05-04;122325;46179
2023-05-05;124594;44589
2023-05-06;136070;34142
2023-05-07;136483;23280
2023-05-08;121568;44087
2023-05-09;113943;46605
2023-05-10;117220;47165
2023-05-11;116844;47845
2023-05-12;121455;46372
2023-05-13;123643;34724
2023-05-14;124716;25303
2023-05-15;117036;46567
2023-05-16;112686;48211
2023-05-17;121231;45600
2023-05-18;104397;31573
2023-05-19;116348;44833
2023-05-20;117016;34457
2023-05-21;116061;24259
2023-05-22;114801;45953
2023-05-23;111920;48801
2023-05-24;112810;49953
2023-05-25;114402;50363
2023-05-26;118674;47908
2023-05-27;118459;37033
2023-05-28;115244;26642
2023-05-29;113126;46335
2023-05-30;111831;48346
2023-05-31;122907;45703
2023-06-01;108580;31459
2023-06-02;110027;42938
2023-06-03;117620;34273
2023-06-04;116978;25861
2023-06-05;113618;46546
2023-06-06;111217;49578
2023-06-07;113330;49465
2023-06-08;112994;50405
2023-06-09;116396;48585
2023-06-10;118201;36584
2023-06-11;114173;25135
2023-06-12;116530;46976
2023-06-13;113101;47498
2023-06-14;115627;48172
2023-06-15;119318;47999
2023-06-16;120873;42961
2023-06-17;119714;34311
2023-06-18;116175;24130
2023-06-19;119146;44764
2023-06-20;115377;48560
2023-06-21;118149;47775
2023-06-22;119753;48243
2023-06-23;122703;48054
2023-06-24;125309;36511
2023-06-25;119300;25263
2023-06-26;127896;47266
2023-06-27;133871;48751
2023-06-28;123650;33379
2023-06-29;98811;13420
2023-06-30;121135;33562
2023-07-01;135619;29879
2023-07-02;146362;22559
2023-07-03;129411;44772
2023-07-04;125423;48681
2023-07-05;128879;49764
2023-07-06;128118;48083
2023-07-07;131803;45501
2023-07-08;144423;35337
2023-07-09;147461;24847
2023-07-10;128435;45497
2023-07-11;122682;47388
2023-07-12;125259;49432
2023-07-13;123369;48939
2023-07-14;127416;47561
2023-07-15;135601;35213
2023-07-16;132855;24678
2023-07-17;116219;47352
2023-07-18;117965;47024
2023-07-19;100951;31438
2023-07-20;115499;48053
2023-07-21;116892;47675
2023-07-22;116457;35391
2023-07-23;114111;25223
2023-07-24;115054;47584
2023-07-25;112760;51173
2023-07-26;114177;50306
2023-07-27;113769;50237
2023-07-28;118873;47805
2023-07-29;120860;36886
2023-07-30;118705;27098
2023-07-31;113741;46839
2023-08-01;110849;48336
2023-08-02;113398;49200
2023-08-03;116468;49489
2023-08-04;122182;47995
2023-08-05;124138;35991
2023-08-06;123586;26482
2023-08-07;115417;47624
2023-08-08;113169;50116
2023-08-09;114049;50243
2023-08-10;114355;50960
2023-08-11;120652;50337
2023-08-12;119356;38177
2023-08-13;115604;27290
2023-08-14;112691;48521
2023-08-15;112230;50894
2023-08-16;119572;43978
2023-08-17;84128;20936
2023-08-18;112183;45022
2023-08-19;108934;36752
2023-08-20;111075;26209
2023-08-21;113777;48475
2023-08-22;111223;50589
2023-08-23;113037;50656
2023-08-24;113382;49504
2023-08-25;118743;48492
2023-08-26;118042;37026
2023-08-27;118497;26949
2023-08-28;113195;49771
2023-08-29;112726;51787
2023-08-30;113896;51045
2023-08-31;116237;49820
2023-09-01;119520;48319
2023-09-02;120289;35710
2023-09-03;123360;26370
2023-09-04;114829;48827
2023-09-05;112475;50506
2023-09-06;114486;50102
2023-09-07;109431;49506
2023-09-08;119742;48857
2023-09-09;122306;37057
2023-09-10;122759;26316
2023-09-11;115140;48903
2023-09-12;111607;51359
2023-09-13;112603;50688
2023-09-14;114615;50785
2023-09-15;119659;48896
2023-09-16;117663;36574
2023-09-17;118220;25705
2023-09-18;111421;48662
2023-09-19;110078;49752
2023-09-20;113118;50122
2023-09-21;113785;48852
2023-09-22;117842;47998
2023-09-23;116205;37187
2023-09-24;111755;26436
2023-09-25;115890;49565
2023-09-26;111269;51509
2023-09-27;124371;48969
2023-09-28;105890;32166
2023-09-29;117493;45692
2023-09-30;120929;35984
2023-10-01;127174;25541
2023-10-02;113992;46875
2023-10-03;113633;49981
2023-10-04;114825;50192
2023-10-05;112690;48440
2023-10-06;122737;47577
2023-10-07;125115;35798
2023-10-08;125607;25336
2023-10-09;114403;47400
2023-10-10;113486;49753
2023-10-11;114682;49692
2023-10-12;115681;49573
2023-10-13;120506;48381
2023-10-14;120149;36599
2023-10-15;120722;25901
2023-10-16;116838;48343
2023-10-17;113348;50771
2023-10-18;116034;51763
2023-10-19;115848;50138
2023-10-20;119361;48017
2023-10-21;118169;36218
2023-10-22;118310;26359
2023-10-23;112335;47518
2023-10-24;113433;49711
2023-10-25;114545;50265
2023-10-26;116250;50478
2023-10-27;122400;48702
2023-10-28;125560;36319
2023-10-29;127441;27047
2023-10-30;119647;49071
2023-10-31;115407;50176
2023-11-01;119539;50365
2023-11-02;120835;49240
2023-11-03;128549;48622
2023-11-04;127476;34767
2023-11-05;134670;25970
2023-11-06;119687;48818
2023-11-07;114117;51010
2023-11-08;116850;51150
2023-11-09;117218;50696
2023-11-10;123628;47608
2023-11-11;130038;37284
2023-11-12;126448;26204
2023-11-13;117008;47545
2023-11-14;114005;50173
2023-11-15;117209;50587
2023-11-16;116095;49731
2023-11-17;122375;48689
2023-11-18;125003;37773
2023-11-19;121417;26869
2023-11-20;120060;49826
2023-11-21;115306;51303
2023-11-22;114114;51406
2023-11-23;115334;51510
2023-11-24;120752;48344
2023-11-25;116532;34205
2023-11-26;119940;26252
2023-11-27;114739;47633
2023-11-28;112794;48155
2023-11-29;114656;48260
2023-11-30;117815;46686
2023-12-01;124331;43998
2023-12-02;124715;35580
2023-12-03;122740;26203
2023-12-04;118717;47177
2023-12-05;113851;49983
2023-12-06;114179;50140
2023-12-07;117068;50394
2023-12-08;121142;48147
2023-12-09;128801;38042
2023-12-10;124038;27503
2023-12-11;117084;48647
2023-12-12;114765;51699
2023-12-13;117792;51351
2023-12-14;120156;51176
2023-12-15;127023;50247
2023-12-16;131222;40090
2023-12-17;127567;28892
2023-12-18;122697;50049
2023-12-19;121280;53044
2023-12-20;127681;51537
2023-12-21;129525;52277
2023-12-22;139312;46925
2023-12-23;143742;33362
2023-12-24;127883;18796
2023-12-25;122422;20209
2023-12-26;126518;39419
2023-12-27;122006;46236
2023-12-28;122899;44586
2023-12-29;124835;35317
2023-12-30;133647;22729
2023-12-31;110846;7996
